"year","team","match_played","wins","draws","losts","goals_scored","goals_conceded","gd","group_point","champions","gd_calc","era","goals_pm","conceded_pm","margin_pm","success_rate"
1993,"Marseille",6,3,3,0,14,4,10,9,1,10,"Era A (1993-2001)",2.33333333333333,0.666666666666667,1.66666666666667,0.75
1994,"Milan",8,4,4,0,13,2,11,8,1,11,"Era A (1993-2001)",1.625,0.25,1.375,0.75
1995,"Ajax",11,7,4,0,18,4,14,10,1,14,"Era A (1993-2001)",1.63636363636364,0.363636363636364,1.27272727272727,0.818181818181818
1996,"Juventus",11,6,2,3,22,9,13,13,1,13,"Era A (1993-2001)",2,0.818181818181818,1.18181818181818,0.636363636363636
1997,"Borussia Dortmund",11,9,1,1,23,10,13,13,1,13,"Era A (1993-2001)",2.09090909090909,0.909090909090909,1.18181818181818,0.863636363636364
1998,"Real Madrid",11,7,3,1,22,5,17,13,1,17,"Era A (1993-2001)",2,0.454545454545455,1.54545454545455,0.772727272727273
1999,"Manchester United",11,5,6,0,29,16,13,10,1,13,"Era A (1993-2001)",2.63636363636364,1.45454545454545,1.18181818181818,0.727272727272727
2000,"Real Madrid",11,6,2,3,20,16,4,10,1,4,"Era A (1993-2001)",1.81818181818182,1.45454545454545,0.363636363636364,0.636363636363636
2001,"Bayern Munich",10,7,2,1,17,8,9,13,1,9,"Era A (1993-2001)",1.7,0.8,0.9,0.8
1993,"IFK Goteborg",6,3,0,3,7,8,-1,6,0,-1,"Era A (1993-2001)",1.16666666666667,1.33333333333333,-0.166666666666667,0.5
1994,"Werder Bremen",6,2,1,3,11,15,-4,5,0,-4,"Era A (1993-2001)",1.83333333333333,2.5,-0.666666666666667,0.416666666666667
1994,"Porto",7,3,1,3,10,9,1,7,0,1,"Era A (1993-2001)",1.42857142857143,1.28571428571429,0.142857142857143,0.5
1995,"Steaua Bucure?ti",6,1,3,2,7,6,1,5,0,1,"Era A (1993-2001)",1.16666666666667,1,0.166666666666667,0.416666666666667
1995,"Dynamo Kyiv",6,1,0,5,5,11,-6,2,0,-6,"Era A (1993-2001)",0.833333333333333,1.83333333333333,-1,0.166666666666667
1996,"Borussia Dortmund",8,2,3,3,8,11,-1,9,0,-3,"Era A (1993-2001)",1,1.375,-0.375,0.4375
1996,"Rosenborg",6,2,0,4,11,16,-5,6,0,-5,"Era A (1993-2001)",1.83333333333333,2.66666666666667,-0.833333333333333,0.333333333333333
1996,"Nantes",10,4,4,2,15,12,3,9,0,3,"Era A (1993-2001)",1.5,1.2,0.3,0.6
1996,"Grasshopper",6,0,2,4,3,13,-10,2,0,-10,"Era A (1993-2001)",0.5,2.16666666666667,-1.66666666666667,0.166666666666667
1996,"Spartak Moscow",8,6,1,1,17,8,9,18,0,9,"Era A (1993-2001)",2.125,1,1.125,0.8125
1997,"Auxerre",8,4,0,4,9,11,-2,12,0,-2,"Era A (1993-2001)",1.125,1.375,-0.25,0.5
1997,"Rangers",6,1,0,5,5,13,-8,3,0,-8,"Era A (1993-2001)",0.833333333333333,2.16666666666667,-1.33333333333333,0.166666666666667
1997,"IFK Goteborg",6,1,0,5,7,13,-6,3,0,-6,"Era A (1993-2001)",1.16666666666667,2.16666666666667,-1,0.166666666666667
1997,"Rapid Wien",6,0,2,4,2,12,-10,2,0,-10,"Era A (1993-2001)",0.333333333333333,2,-1.66666666666667,0.166666666666667
1997,"Rosenborg",8,3,1,4,8,14,-6,9,0,-6,"Era A (1993-2001)",1,1.75,-0.75,0.4375
1998,"Sporting CP",6,2,1,3,9,11,-2,7,0,-2,"Era A (1993-2001)",1.5,1.83333333333333,-0.333333333333333,0.416666666666667
1999,"Spartak Moscow",6,2,2,2,7,6,1,8,0,1,"Era A (1993-2001)",1.16666666666667,1,0.166666666666667,0.5
1999,"Panathinaikos",6,2,0,4,6,9,-3,6,0,-3,"Era A (1993-2001)",1,1.5,-0.5,0.333333333333333
1999,"Athletic Bilbao",6,1,3,2,5,6,-1,6,0,-1,"Era A (1993-2001)",0.833333333333333,1,-0.166666666666667,0.416666666666667
1999,"Bayern Munich",11,6,3,2,20,11,9,11,0,9,"Era A (1993-2001)",1.81818181818182,1,0.818181818181818,0.681818181818182
1999,"PSV Eindhoven",6,2,1,3,10,11,-1,7,0,-1,"Era A (1993-2001)",1.66666666666667,1.83333333333333,-0.166666666666667,0.416666666666667
2000,"Bayern Munich",10,6,2,2,18,13,5,13,0,5,"Era A (1993-2001)",1.8,1.3,0.5,0.7
2000,"Valencia",11,5,1,5,19,14,5,1,0,5,"Era A (1993-2001)",1.72727272727273,1.27272727272727,0.454545454545455,0.5
2000,"Bordeaux",6,0,2,4,5,14,-9,2,0,-9,"Era A (1993-2001)",0.833333333333333,2.33333333333333,-1.5,0.166666666666667
2000,"Rosenborg",6,0,1,5,5,11,-6,1,0,-6,"Era A (1993-2001)",0.833333333333333,1.83333333333333,-1,0.0833333333333333
2000,"Feyenoord",6,2,2,2,7,7,0,8,0,0,"Era A (1993-2001)",1.16666666666667,1.16666666666667,0,0.5
2000,"Manchester United",8,4,2,2,12,7,5,13,0,5,"Era A (1993-2001)",1.5,0.875,0.625,0.625
2001,"Panathinaikos",6,0,2,4,4,10,-6,2,0,-6,"Era A (1993-2001)",0.666666666666667,1.66666666666667,-1,0.166666666666667
2001,"Lyon",6,2,2,2,8,4,4,8,0,4,"Era A (1993-2001)",1.33333333333333,0.666666666666667,0.666666666666667,0.5
2001,"Paris Saint-Germain",6,1,2,3,8,10,-2,5,0,-2,"Era A (1993-2001)",1.33333333333333,1.66666666666667,-0.333333333333333,0.333333333333333
2002,"Real Madrid",11,8,2,1,22,9,13,16,1,13,"Era B (2002-2010)",2,0.818181818181818,1.18181818181818,0.818181818181818
2003,"Milan",11,5,4,2,9,7,2,12,1,2,"Era B (2002-2010)",0.818181818181818,0.636363636363636,0.181818181818182,0.636363636363636
2004,"Porto",13,7,5,1,20,12,8,11,1,8,"Era B (2002-2010)",1.53846153846154,0.923076923076923,0.615384615384615,0.730769230769231
2005,"Liverpool",13,7,4,2,18,10,8,10,1,8,"Era B (2002-2010)",1.38461538461538,0.769230769230769,0.615384615384615,0.692307692307692
2006,"Barcelona",13,9,4,0,24,5,19,16,1,19,"Era B (2002-2010)",1.84615384615385,0.384615384615385,1.46153846153846,0.846153846153846
2007,"Milan",13,4,3,3,20,10,10,10,1,10,"Era B (2002-2010)",1.53846153846154,0.769230769230769,0.769230769230769,0.423076923076923
2008,"Manchester United",13,9,4,0,20,6,14,16,1,14,"Era B (2002-2010)",1.53846153846154,0.461538461538462,1.07692307692308,0.846153846153846
2009,"Barcelona",13,7,5,1,32,13,19,13,1,19,"Era B (2002-2010)",2.46153846153846,1,1.46153846153846,0.730769230769231
2010,"Internazionale",13,8,3,2,17,9,8,9,1,8,"Era B (2002-2010)",1.30769230769231,0.692307692307692,0.615384615384615,0.730769230769231
2002,"Bayer Leverkusen",11,4,3,4,19,19,0,10,0,0,"Era B (2002-2010)",1.72727272727273,1.72727272727273,0,0.5
2002,"Boavista",6,1,2,3,2,8,-6,5,0,-6,"Era B (2002-2010)",0.333333333333333,1.33333333333333,-1,0.333333333333333
2002,"Galatasaray",6,0,5,1,5,6,-1,5,0,-1,"Era B (2002-2010)",0.833333333333333,1,-0.166666666666667,0.416666666666667
2003,"Internazionale",10,4,4,2,14,11,3,11,0,3,"Era B (2002-2010)",1.4,1.1,0.3,0.6
2004,"Arsenal",10,5,2,3,16,11,5,10,0,5,"Era B (2002-2010)",1.6,1.1,0.5,0.6
2004,"AEK Athens",6,0,2,4,1,11,-10,2,0,-10,"Era B (2002-2010)",0.166666666666667,1.83333333333333,-1.66666666666667,0.166666666666667
2004,"Ajax",6,2,0,4,6,7,-1,6,0,-1,"Era B (2002-2010)",1,1.16666666666667,-0.166666666666667,0.333333333333333
2004,"Rangers",6,1,1,4,4,10,-6,4,0,-6,"Era B (2002-2010)",0.666666666666667,1.66666666666667,-1,0.25
2005,"Real Madrid",8,4,2,2,12,10,2,11,0,2,"Era B (2002-2010)",1.5,1.25,0.25,0.625
2005,"Barcelona",8,4,1,3,13,11,2,10,0,2,"Era B (2002-2010)",1.625,1.375,0.25,0.5625
2005,"Ajax",6,1,1,4,6,10,-4,4,0,-4,"Era B (2002-2010)",1,1.66666666666667,-0.666666666666667,0.25
2005,"Juventus",10,6,2,2,9,4,5,16,0,5,"Era B (2002-2010)",0.9,0.4,0.5,0.7
2005,"Roma",6,0,1,5,4,16,-12,1,0,-12,"Era B (2002-2010)",0.666666666666667,2.66666666666667,-2,0.0833333333333333
2005,"Deportivo La Coruna",6,0,2,4,0,9,-9,2,0,-9,"Era B (2002-2010)",0,1.5,-1.5,0.166666666666667
2006,"Sparta Prague",6,0,2,4,2,9,-7,2,0,-7,"Era B (2002-2010)",0.333333333333333,1.5,-1.16666666666667,0.166666666666667
2006,"Benfica",10,4,3,3,8,7,1,8,0,1,"Era B (2002-2010)",0.8,0.7,0.1,0.55
2006,"Werder Bremen",8,3,1,4,14,14,0,7,0,0,"Era B (2002-2010)",1.75,1.75,0,0.4375
2006,"Club Brugge",6,2,1,3,6,7,-1,7,0,-1,"Era B (2002-2010)",1,1.16666666666667,-0.166666666666667,0.416666666666667
2007,"PSV Eindhoven",10,4,2,4,8,11,-3,10,0,-3,"Era B (2002-2010)",0.8,1.1,-0.3,0.5
2007,"Werder Bremen",6,3,1,2,7,5,2,10,0,2,"Era B (2002-2010)",1.16666666666667,0.833333333333333,0.333333333333333,0.583333333333333
2007,"Valencia",10,4,4,2,16,11,5,13,0,5,"Era B (2002-2010)",1.6,1.1,0.5,0.6
2007,"Roma",10,5,2,3,13,12,1,10,0,1,"Era B (2002-2010)",1.3,1.2,0.1,0.6
2008,"Rangers",6,2,1,3,7,9,-2,7,0,-2,"Era B (2002-2010)",1.16666666666667,1.5,-0.333333333333333,0.416666666666667
2008,"Porto",8,4,2,2,9,8,1,11,0,1,"Era B (2002-2010)",1.125,1,0.125,0.625
2008,"Marseille",6,2,1,3,6,9,-3,7,0,-3,"Era B (2002-2010)",1,1.5,-0.5,0.416666666666667
2009,"CFR Cluj",6,1,1,4,5,9,-4,4,0,-4,"Era B (2002-2010)",0.833333333333333,1.5,-0.666666666666667,0.25
2009,"Manchester United",13,6,6,1,18,8,10,10,0,10,"Era B (2002-2010)",1.38461538461538,0.615384615384615,0.769230769230769,0.692307692307692
2009,"Werder Bremen",6,1,4,1,7,9,-2,7,0,-2,"Era B (2002-2010)",1.16666666666667,1.5,-0.333333333333333,0.5
2010,"Marseille",6,2,1,3,10,10,0,7,0,0,"Era B (2002-2010)",1.66666666666667,1.66666666666667,0,0.416666666666667
2010,"Manchester United",10,7,1,2,21,12,9,13,0,9,"Era B (2002-2010)",2.1,1.2,0.9,0.75
2011,"Barcelona",13,9,3,1,30,9,21,14,1,21,"Era C (2011-2020)",2.30769230769231,0.692307692307692,1.61538461538462,0.807692307692308
2012,"Chelsea",13,7,4,2,25,12,13,11,1,13,"Era C (2011-2020)",1.92307692307692,0.923076923076923,1,0.692307692307692
2013,"Bayern Munich",13,10,1,2,31,11,20,13,1,20,"Era C (2011-2020)",2.38461538461538,0.846153846153846,1.53846153846154,0.807692307692308
2014,"Real Madrid",13,11,1,1,41,10,31,16,1,31,"Era C (2011-2020)",3.15384615384615,0.769230769230769,2.38461538461538,0.884615384615385
2015,"Barcelona",13,11,0,2,29,11,18,15,1,18,"Era C (2011-2020)",2.23076923076923,0.846153846153846,1.38461538461538,0.846153846153846
2016,"Real Madrid",13,9,3,1,28,6,22,16,1,22,"Era C (2011-2020)",2.15384615384615,0.461538461538462,1.69230769230769,0.807692307692308
2017,"Real Madrid",13,9,3,1,36,18,18,12,1,18,"Era C (2011-2020)",2.76923076923077,1.38461538461538,1.38461538461538,0.807692307692308
2018,"Real Madrid",13,9,2,2,33,16,17,13,1,17,"Era C (2011-2020)",2.53846153846154,1.23076923076923,1.30769230769231,0.769230769230769
2019,"Liverpool",13,8,1,4,24,12,12,9,1,12,"Era C (2011-2020)",1.84615384615385,0.923076923076923,0.923076923076923,0.653846153846154
2020,"Bayern Munich",11,11,0,0,43,8,35,18,1,35,"Era C (2011-2020)",3.90909090909091,0.727272727272727,3.18181818181818,1
2011,"Werder Bremen",6,1,2,3,6,12,-6,5,0,-6,"Era C (2011-2020)",1,2,-1,0.333333333333333
2011,"Partizan",6,0,0,6,2,13,-11,0,0,-11,"Era C (2011-2020)",0.333333333333333,2.16666666666667,-1.83333333333333,0
2012,"Bayern Munich",13,8,2,3,26,11,15,13,0,15,"Era C (2011-2020)",2,0.846153846153846,1.15384615384615,0.692307692307692
2013,"Shakhtar Donetsk",8,3,2,3,14,13,1,10,0,1,"Era C (2011-2020)",1.75,1.625,0.125,0.5
2013,"Dinamo Zagreb",6,0,1,5,1,14,-13,1,0,-13,"Era C (2011-2020)",0.166666666666667,2.33333333333333,-2.16666666666667,0.0833333333333333
2013,"Malaga",10,4,4,2,17,9,8,12,0,8,"Era C (2011-2020)",1.7,0.9,0.8,0.6
2013,"Lille",6,1,0,5,4,13,-9,3,0,-9,"Era C (2011-2020)",0.666666666666667,2.16666666666667,-1.5,0.166666666666667
2013,"Barcelona",12,5,3,4,18,17,1,13,0,1,"Era C (2011-2020)",1.5,1.41666666666667,0.0833333333333333,0.541666666666667
2014,"Manchester City",8,5,0,3,19,14,5,15,0,5,"Era C (2011-2020)",2.375,1.75,0.625,0.625
2014,"Benfica",6,3,1,2,8,8,0,10,0,0,"Era C (2011-2020)",1.33333333333333,1.33333333333333,0,0.583333333333333
2014,"Arsenal",8,4,1,3,9,8,1,12,0,1,"Era C (2011-2020)",1.125,1,0.125,0.5625
2014,"Bayern Munich",12,7,2,3,24,13,11,15,0,11,"Era C (2011-2020)",2,1.08333333333333,0.916666666666667,0.666666666666667
2015,"Sporting CP",6,2,1,3,12,12,0,7,0,0,"Era C (2011-2020)",2,2,0,0.416666666666667
2016,"Zenit Saint Petersburg",8,5,2,1,14,9,5,15,0,5,"Era C (2011-2020)",1.75,1.125,0.625,0.75
2016,"Maccabi Tel Aviv",6,0,0,6,1,16,-15,0,0,-15,"Era C (2011-2020)",0.166666666666667,2.66666666666667,-2.5,0
2016,"Arsenal",8,3,0,5,13,15,-2,9,0,-2,"Era C (2011-2020)",1.625,1.875,-0.25,0.375
2017,"Dynamo Kyiv",6,1,2,3,8,6,2,5,0,2,"Era C (2011-2020)",1.33333333333333,1,0.333333333333333,0.333333333333333
2018,"Basel",8,5,0,3,13,10,3,12,0,3,"Era C (2011-2020)",1.625,1.25,0.375,0.625
2018,"Celtic",6,1,0,5,5,18,-13,3,0,-13,"Era C (2011-2020)",0.833333333333333,3,-2.16666666666667,0.166666666666667
2019,"Galatasaray",6,1,1,4,5,8,-3,4,0,-3,"Era C (2011-2020)",0.833333333333333,1.33333333333333,-0.5,0.25
2019,"Napoli",6,2,3,1,7,5,2,9,0,2,"Era C (2011-2020)",1.16666666666667,0.833333333333333,0.333333333333333,0.583333333333333
2019,"AEK Athens",6,0,0,6,2,13,-11,0,0,-11,"Era C (2011-2020)",0.333333333333333,2.16666666666667,-1.83333333333333,0
2019,"Inter Milan",6,2,2,2,6,7,-1,8,0,-1,"Era C (2011-2020)",1,1.16666666666667,-0.166666666666667,0.5
2019,"Porto",10,6,1,3,20,15,5,16,0,5,"Era C (2011-2020)",2,1.5,0.5,0.65
2019,"Juventus",10,5,1,4,14,9,5,12,0,5,"Era C (2011-2020)",1.4,0.9,0.5,0.55
2020,"Club Brugge",6,0,3,3,4,12,-8,3,0,-8,"Era C (2011-2020)",0.666666666666667,2,-1.33333333333333,0.25
2020,"Zenit Saint Petersburg",6,2,1,3,7,9,-2,7,0,-2,"Era C (2011-2020)",1.16666666666667,1.5,-0.333333333333333,0.416666666666667
2020,"Paris Saint-Germain",11,8,1,1,25,6,21,16,0,19,"Era C (2011-2020)",2.27272727272727,0.545454545454545,1.72727272727273,0.772727272727273
2020,"Ajax",6,3,1,2,12,6,6,10,0,6,"Era C (2011-2020)",2,1,1,0.583333333333333
2020,"Tottenham Hotspur",8,3,1,4,18,18,0,10,0,0,"Era C (2011-2020)",2.25,2.25,0,0.4375
